{"Gauss-Newton": {"H0": 70.44835464227646, "Omega": 0.7360817108394975, "nfev": 4}, "Levenberg-Marquardt": {"H0": 70.44834263212127, "Omega": 0.7360808794200425, "nfev": 8}}